ticker,market,name,asset_type,category,risk_level,priority,reason_to_watch,source_to_check,note
VOO,US,Vanguard S&P 500 ETF,ETF,US Broad Market,Low-Medium,High,ETF อิงดัชนี S&P 500 เหมาะเป็นแกนหลักพอร์ตระยะยาว,Vanguard/Yahoo Finance,ใช้เป็นตัวแทนตลาดหุ้นสหรัฐฯ
MSFT,US,Microsoft Corporation,Stock,Technology/AI/Cloud,Medium,High,ธุรกิจ Cloud และ AI แข็งแรง เหมาะติดตามระยะยาว,Yahoo Finance/SEC filings,หุ้นคุณภาพแต่ valuation ต้องระวัง
AAPL,US,Apple Inc.,Stock,Technology/Consumer,Medium,High,แบรนด์แข็งแรง กระแสเงินสดสูง แต่ต้องติดตามการเติบโต,Yahoo Finance/SEC filings,เหมาะติดตามมากกว่าซื้อทันที
JNJ,US,Johnson & Johnson,Stock,Healthcare/Defensive,Low-Medium,Medium,หุ้น Defensive กลุ่มสุขภาพ เหมาะลดความผันผวนพอร์ต,Yahoo Finance/SEC filings,ติดตามปันผลและคดีความ
PG,US,Procter & Gamble,Stock,Consumer Defensive,Low-Medium,Medium,สินค้าอุปโภคบริโภคจำเป็น รายได้ค่อนข้างมั่นคง,Yahoo Finance/SEC filings,เหมาะกับพอร์ตระมัดระวัง
ADVANC,SET,Advanced Info Service PCL,Stock,Telecom/Dividend,Low-Medium,High,หุ้นสื่อสารไทย รายได้ประจำและปันผลน่าสนใจ,SET.or.th/SETSMART,ตรวจสอบราคาและปันผลจาก SET
BBL,SET,Bangkok Bank PCL,Stock,Banking,Medium,Medium,ธนาคารขนาดใหญ่ ฐานะการเงินแข็งแรง แต่ขึ้นกับเศรษฐกิจและดอกเบี้ย,SET.or.th/SETSMART,ติดตาม NPL และกำไรสุทธิ
TISCO,SET,TISCO Financial Group PCL,Stock,Banking/Dividend,Medium,Medium,เด่นด้านปันผล แต่ต้องระวังวัฏจักรสินเชื่อ,SET.or.th/SETSMART,ตรวจสอบ Dividend Yield และคุณภาพสินเชื่อ
CPALL,SET,CP All PCL,Stock,Consumer/Retail,Medium,Medium,ธุรกิจค้าปลีกขนาดใหญ่ มีฐานลูกค้ากว้าง แต่หนี้และ valuation ต้องติดตาม,SET.or.th/SETSMART,ติดตามยอดขายสาขาเดิมและหนี้สิน
